{
  "vl": {
    "0": { "x": 295.7897280811027, "y": 550 },
    "1": { "x": 605.4743032108471, "y": 474.33580867088824 },
    "2": { "x": 144.62235879248624, "y": 299.3577791184305 },
    "3": { "x": 540.3198780151629, "y": 210.47367065525202 },
    "4": { "x": 855.3776412075138, "y": 299.3577791184304 },
    "5": { "x": 361.49640407789855, "y": 67.06724069318761 },
    "6": { "x": 679.5001320416538, "y": 50.00000000000003 }
  },
  "el": {
    "0": { "u": 0, "v": 1, "w": "5" },
    "1": { "u": 0, "v": 2, "w": "6" },
    "2": { "v": 0, "u": 1, "w": "5" },
    "3": { "u": 1, "v": 3, "w": "4" },
    "4": { "u": 1, "v": 4, "w": "9" },
    "5": { "v": 0, "u": 2, "w": "6" },
    "6": { "u": 2, "v": 5, "w": "1" },
    "7": { "v": 1, "u": 3, "w": "4" },
    "8": { "u": 3, "v": 5, "w": "8" },
    "9": { "u": 3, "v": 6, "w": "22" },
    "10": { "v": 1, "u": 4, "w": "9" },
    "11": { "u": 4, "v": 6, "w": "4" },
    "12": { "v": 2, "u": 5, "w": "1" },
    "13": { "v": 3, "u": 5, "w": "8" },
    "14": { "u": 5, "v": 6, "w": "10" },
    "15": { "v": 3, "u": 6, "w": "22" },
    "16": { "v": 4, "u": 6, "w": "4" },
    "17": { "v": 5, "u": 6, "w": "10" }
  }
}
