{
  "vl": {
    "0": { "x": 177.64628546451837, "y": 209.4097163052001 },
    "1": { "x": 497.5989684571094, "y": 50 },
    "2": { "x": 822.3537145354816, "y": 209.40971630520005 },
    "3": { "x": 630.8347744755819, "y": 516.3065817549704 },
    "4": { "x": 274.9768272395049, "y": 550 },
    "5": { "x": 401.1313220624108, "y": 329.74363878613445 }
  },
  "el": {
    "0": { "u": 0, "v": 1, "w": "6" },
    "1": { "u": 0, "v": 4, "w": "3" },
    "2": { "u": 0, "v": 5, "w": "3" },
    "3": { "v": 0, "u": 1, "w": "6" },
    "4": { "v": 1, "u": 2, "w": "1" },
    "5": { "v": 2, "u": 3, "w": "2" },
    "6": { "u": 3, "v": 5, "w": "4" },
    "7": { "v": 3, "u": 4, "w": "4" },
    "8": { "u": 4, "v": 5, "w": "6" },
    "9": { "v": 1, "u": 5, "w": "10" },
    "10": { "v": 3, "u": 5, "w": "4" },
    "11": { "u": 1, "v": 2, "w": "4" }
  }
}
